"brand","Свариваемость","Флокеночувствительность","Склонность_к_отпускной_хрупкости"
"03Н12Х5М3ТЛ","","",""
"03Н12Х5М3ТЮЛ","","",""
"07Х17Н16ТЛ","","",""
"07Х18Н10Г2С2М2Л","","",""
"07Х18Н9Л","","",""
"07Х21Н9С2МЛ","","",""
"07Х24Н8М2Д3Л","","",""
"08Г2ДНФЛ","","",""
"08ГДНФЛ","без ограничений.","не чувствительна.","не склонна."
"08Х12Н4ГСМЛ","","",""
"08Х14Н5М2ДЛ","","",""
"08Х14Н7МЛ","","",""
"08Х14НДЛ","","",""
"08Х15Н4ДМЛ","","",""
"08Х17Н34В5Т3Ю2Л","","",""
"08Х17Н34В5Т3Ю2РЛ","","",""
"09Х16Н4БЛ","","",""
"09Х17Н3СЛ","","",""
"10Х14Н5М2Л","","",""
"10Х14НДЛ","","",""
"10Х17Н10Г4МБЛ","","",""
"10Х18Н11БЛ","","",""
"10Х18Н3Г3Д2Л","ограниченно свариваемая.","",""
"10Х18Н9БЛ","","",""
"10Х18Н9Л","","",""
"110Г13Л","не применяется для сварных конструкций.","не чувствительна.","не склонна."
"110Г13ФТЛ","","",""
"110Г13Х2БРЛ","","",""
"110Г13ХБРЛ","","",""
"120Г10ФЛ","","",""
"120Г13Х2БЛ","","",""
"12ДН2ФЛ","без ограничений.","",""
"12ДХН1МФЛ","","",""
"12Х18Н12БЛ","","",""
"12Х18Н12М3ТЛ","","",""
"12Х18Н9ТЛ","ограниченно свариваемая.","",""
"12Х19Н7Г2САЛ","","",""
"12Х21Н5Г2САЛ","","",""
"12Х21Н5Г2СЛ","","",""
"12Х21Н5Г2СМ2Л","","",""
"12Х21Н5Г2СТЛ","","",""
"12Х25Н5ТМФЛ","","",""
"12Х7Г3СЛ","","",""
"12ХГФЛ","","",""
"130Г14ХМФАЛ","","",""
"13Х11Н2В2МФЛ","","",""
"13Х14Н3В2ФРЛ","","",""
"13ХНДФТЛ","","",""
"14Х17Н2Л","","",""
"14Х18Н4Г4Л","","",""
"14Х2ГМРЛ","трудносвариваемая.","","малосклонна."
"15ГЛ","","",""
"15ГНЛ","","",""
"15Л","без ограничений.","не чувствительна.","не склонна."
"15Х13Л","","",""
"15Х14НЛ","","",""
"15Х18Н10Г2С2М2Л","","",""
"15Х18Н10Г2С2М2ТЛ","","",""
"15Х18Н12С4Л","","",""
"15Х18Н12С4ТЮЛ","","",""
"15Х18Н22В6М2Л","","",""
"15Х18Н22В6М2РЛ","","",""
"15Х23Н18Л","","",""
"15Х25ТЛ","","",""
"15ХЛ","","",""
"16Х18Н12С4ТЮЛ","","",""
"18Х25Н19СЛ","","",""
"20Г1ФЛ","","",""
"20ГЛ","","",""
"20ГНМФЛ","","",""
"20ГНМЮЛ","","",""
"20ГСЛ","","",""
"20ДХЛ","","",""
"20Л","без ограничений.","не чувствительна.","не склонна."
"20ФЛ","","",""
"20ФТЛ","","",""
"20Х12ВНМФЛ","","",""
"20Х13Л","ограниченно свариваемая.","",""
"20Х20Н14С2Л","без ограничений.","",""
"20Х21Н46В8Л","","",""
"20Х21Н46В8РЛ","","",""
"20Х25Н19С2Л","","",""
"20Х5МЛ","ограниченно свариваемая.","",""
"20Х5ТЛ","","",""
"20Х8ВЛ","","",""
"20ХГСНДМЛ","ограниченно свариваемая.","",""
"20ХМЛ","ограниченно свариваемая.","","не склонна."
"20ХМФЛ","","",""
"23ХГС2МФЛ","","",""
"25ГСЛ","без ограничений.","не чувствительна.","не склонна."
"25Л","ограниченно свариваемая.","не чувствительна.","не склонна."
"25Х2Г2ФЛ","","",""
"25Х2ГНМФЛ","","",""
"25Х2НМЛ","","",""
"25ХГЛ","","",""
"27Х5ГСМЛ","","",""
"27ХГСНМДТЛ","","",""
"27ХН2МФЛ","","",""
"30ГЛ","","",""
"30ГСЛ","трудносвариваемая.","не чувствительна.","не склонна."
"30Л","ограниченно свариваемая.","не чувствительна.","не склонна."
"30Х3С3ГМЛ","","",""
"30ХГ1","","",""
"30ХГ2СТЛ","","",""
"30ХГСФЛ","","",""
"30ХЛ","","",""
"30ХМЛ","","",""
"30ХНМЛ","","",""
"31Х19Н9МВБТЛ","","",""
"32Х06Л","ограниченно свариваемая.","не чувствительна.","не склонна."
"35ГЛ","ограниченно свариваемая.","не чувствительна.","не склонна."
"35Л","ограниченно свариваемая.","не чувствительна.","не склонна."
"35НГМЛ","","",""
"35Х18Н24С2Л","","",""
"35Х23Н7СЛ","","",""
"35ХГЛ","","",""
"35ХГСЛ","ограниченно свариваемая.","малочувствительна.","малосклонна."
"35ХГФЛ","","",""
"35ХМЛ","ограниченно свариваемая.","чувствительна.","не склонна."
"35ХМФЛ","","",""
"35ХН2МЛ","ограниченно свариваемая.","чувствительна.","малосклонна."
"35ХНЛ","ограниченно свариваемая.","","склонна."
"40Г1","","",""
"40ГТЛ","","",""
"40Л","ограниченно свариваемая.","не чувствительна.","не склонна."
"40Х24Н12СЛ","без ограничений.","не чувствительна.","не склонна."
"40Х9С2Л","ограниченно свариваемая.","",""
"40ХЛ","ограниченно свариваемая.","малочувствительна.","склонна."
"40ХМЛ","","",""
"40ХН2Л","","",""
"40ХНЛ","","",""
"40ХФЛ","","",""
"45ГЛ","ограниченно свариваемая.","не чувствительна.","не склонна."
"45Л","трудносвариваемая.","не чувствительна.","не склонна."
"45ФЛ","","",""
"45Х17Г13Н3ЮЛ","","",""
"50Л","ограниченно свариваемая.","",""
"50ХГЛ","","",""
"513Л","","",""
"55Л","трудносвариваемая.","не чувствительна.","не склонна."
"55СЛ","","",""
"55Х18Г14С2ТЛ","","",""
"5МФРЛ","","",""
"5ФЛ","","",""
"60ХГЛ","","",""
"70ГЛ","","",""
"70Х2ГЛ","","",""
"75ХНМФЛ","","",""
"80ГСЛ","не применяется для сварных конструкций.","не чувствительна.","не склонна."
"85Х4М5Ф2В6Л","","",""
"90Х4М4Ф2В6Л","","",""
"ВКЛ-1","","",""
"ВНЛ-1","","",""
"ВНЛ-2","","",""
"ВНЛ-3","","",""
"ВНЛ-4","","",""
"Р6М4Ф2Л","","",""
"Р6М5Л","","",""
"Х18Н9БЛ","","",""
"ЭИ268Л","","",""
"ЭИ654Л","","",""
"ЭИ736Л","","",""
"ЭИ961Л","","",""
"10Х12НДЛ",""," не чувствительна.","не склонна."
"20ХГСФЛ","","","склонна."
"30ХГФРЛ","","","склонна."
"05Х12Н6Д2МФСГТ","","",""
"11М5Ф","","",""
"11Р3АМ3Ф2","","",""
"11Х","","",""
"11Х4В2МФ3С2","","",""
"11ХФ","","",""
"120Х","","",""
"12Х1","","",""
"13Х","","",""
"27Х2Н2М1Ф","трудносвариваемая.","малочувствительна.","малосклонна."
"2Х6В8М2К8","","",""
"3И2","","",""
"3Х2В8Ф","не применяется для сварных конструкций.","чувствительна.","склонна."
"3Х2МНФ","","",""
"3Х2Н2МВФ","трудносвариваемая.","малочувствительна.","малосклонна."
"3Х3М3Ф","","",""
"40Х5МФ","трудносвариваемая.","малочувствительна.","малосклонна."
"40ХСМФ","","",""
"45ХНМ","не применяется для сварных конструкций.","чувствительна.","малосклонна."
"4Х2В5МФ","","",""
"4Х2НМФ","трудносвариваемая.","малочувствительна.","малосклонна."
"4Х3ВМФ","","",""
"4Х4ВМФС","","",""
"4Х5В2ФС","","",""
"4Х5МФ1С","","",""
"4Х5МФС","","",""
"4ХВ2С","не применяется для сварных конструкций.","чувствительна.","не склонна."
"4ХМНФС","","",""
"4ХМФС","","",""
"4ХС","","",""
"55Х","трудносвариваемая.","чувствительна.","склонна."
"55Х6В3СМФ","","",""
"55Х7ВСМФ","","",""
"5Х2МНФ","","",""
"5Х3В3МФС","","",""
"5ХВ2С","не применяется для сварных конструкций.","чувствительна.","малосклонна."
"5ХВ2СФ","","",""
"5ХГМ","не применяется для сварных конструкций.","чувствительна.","склонна."
"5ХНВ","","",""
"5ХНВС","","",""
"5ХНМ","не применяется для сварных конструкций.","чувствительна.","не склонна."
"60Х2СМФ","","",""
"60ХГ","не применяется для сварных конструкций.","чувствительна.","склонна."
"60ХН","не применяется для сварных конструкций.","чувствительна.","склонна."
"60ХСМФ","","",""
"6Х3МФС","","",""
"6Х4М2ФС","","",""
"6Х6В3МФС","","",""
"6ХВ2С","не применяется для сварных конструкций.","чувствительна.","склонна."
"6ХВГ","","",""
"6ХС","","",""
"75ХМ","не применяется для сварных конструкций.","малочувствительна.","не склонна."
"75ХМФ","трудносвариваемая.","малочувствительна.",""
"75ХСМФ","","",""
"7Х2СМФ","","",""
"7Х3","не применяется для сварных конструкций.","чувствительна.","склонна."
"7ХГ2ВМ","","",""
"7ХГ2ВМФ","","",""
"7ХФ","","",""
"85Х6НФТ","","",""
"8Х3","","",""
"8Х4В2МФС2","","",""
"8Х4В3М3Ф2","","",""
"8Х6НФТ","","",""
"8ХФ","","",""
"90ХМФ","не применяется для сварных конструкций.","чувствительна.","не склонна."
"90ХФ","не применяется для сварных конструкций.","чувствительна.","склонна."
"9Г2Ф","","",""
"9Х1","не применяется для сварных конструкций.","чувствительна.","малосклонна."
"9Х2","не применяется для сварных конструкций.","чувствительна.","склонна."
"9Х2МФ","не применяется для сварных конструкций.","чувствительна.","склонна."
"9Х4М3Ф2АГСТ","","",""
"9Х5ВФ","","",""
"9ХВГ","","",""
"9ХС","не применяется для сварных конструкций.","не чувствительна.","склонна."
"9ХФ","","",""
"9ХФМ","","",""
"А75","","",""
"АСУ10Е","","",""
"АУ10Е","","",""
"В2Ф","","",""
"ДИ22","","",""
"ДИ23","","",""
"ДИ32","","",""
"ДИ37","","",""
"ДИ55","","",""
"ДИ80","","",""
"ИХ","","",""
"Р10Ф5К5","","",""
"Р12","","",""
"Р12Ф3","","",""
"Р14Ф4","","",""
"Р18","без ограничений.","",""
"Р18К5Ф2","","",""
"Р18Ф2","","",""
"Р18Ф2К5","","",""
"Р2АМ9К5","","",""
"Р2М5","","",""
"Р6АМ5","","",""
"Р6АМ5Ф3","","",""
"Р6М3","","",""
"Р6М5","","",""
"Р6М5К5","","",""
"Р6М5Ф3","","",""
"Р9","","",""
"Р9К10","","",""
"Р9К5","","",""
"Р9М4К8","","",""
"Р9Ф5","","",""
"У10","не применяется для сварных конструкций.","не чувствительна.","не склонна."
"У10А","","",""
"У11","","",""
"У11А","","",""
"У12","не применяется для сварных конструкций.","не чувствительна.","не склонна."
"У12А","","",""
"У13","","",""
"У13А","","",""
"У7","не применяется для сварных конструкций.","не чувствительна.","не склонна."
"У7А","не применяется для сварных конструкций.","не чувствительна.","не склонна."
"У8","не применяется для сварных конструкций.","не чувствительна.","не склонна."
"У8А","","",""
"У8Г","","",""
"У8ГА","","",""
"У9","не применяется для сварных конструкций.","не чувствительна.","не склонна."
"У9А","","",""
"Х","","",""
"Х12","","",""
"Х12ВМ","","",""
"Х12ВМФ","","",""
"Х12М","","",""
"Х12МФ","не применяется для сварных конструкций.","","склонна."
"Х12Ф1","не применяется для сварных конструкций.","не чувствительна.","не склонна."
"Х6ВФ","не применяется для сварных конструкций.","","не склонна."
"Х6Ф4М","","",""
"ХВ4","","",""
"ХВ4Ф","не применяется для сварных конструкций.","","малосклонна."
"ХВГ","не применяется для сварных конструкций.","чувствительна.","малосклонна."
"ХВСГ","","",""
"ХВСГФ","","",""
"ХГС","","",""
"ЭИ958","","",""
"ЭИ959","","",""
"ЭП430","","",""
"ЭП569","","",""
"ЭП572","","",""
"ЭП761","","",""
"ЭП788","","",""
"000Х17Н13М2","без ограничений.","",""
"03Х13Н9Д2ТМ","","",""
"03Х17Н14М3","без ограничений.","",""
"03Х19Г10Н7М2","без ограничений.","",""
"03Х20Н16АГ6","без ограничений.","",""
"05Г4МНФ","без ограничений.","",""
"05кп","без ограничений.","не чувствительна.","не склонна."
"06Г2СЮ","","",""
"06Х1","","",""
"06ХГСЮ","","",""
"06ХФ","","",""
"07ГФБ-1","","",""
"07ГФБ","","",""
"07Х21Г7АН5","","",""
"08","без ограничений.","не чувствительна.","не склонна."
"08Г2С","без ограничений.","",""
"08ГБЮ","","",""
"08ГДНФ","","",""
"08кп","без ограничений.","не чувствительна.","не склонна."
"08пс","без ограничений.","не чувствительна.","не склонна."
"08Фкп","","",""
"08ХМФЧ","","",""
"08ХМФЧА","","",""
"08ХМФчЮА","","",""
"08ХМЧ","","",""
"08ХМЧА","","",""
"08Ю","без ограничений.","не чувствительна.","не склонна."
"08ЮА","","",""
"09Г2-1","","",""
"09Г2","без ограничений.","не чувствительна.","не склонна."
"09Г2Д-1","","",""
"09Г2Д","без ограничений.","",""
"09Г2С-1","","",""
"09Г2С","без ограничений.","не чувствительна.","не склонна."
"09Г2СД-1","","",""
"09Г2СД","без ограничений.","",""
"09Г2ФБ-1","","",""
"09Г2ФБ","","",""
"09ГБЮ","","",""
"09ГСФ","","",""
"09ГСФЮ","","",""
"09СФ","","",""
"09СФА","","",""
"0Н6","","",""
"0Н6А","","",""
"0Н9","","",""
"0Н9А","","",""
"10","без ограничений.","не чувствительна.","не склонна."
"10Г2","без ограничений.","не чувствительна.","не склонна."
"10Г2А","","",""
"10Г2Б-1","","",""
"10Г2Б","без ограничений.","",""
"10Г2БД-1","","",""
"10Г2БД","без ограничений.","",""
"10Г2С1","без ограничений.","не чувствительна.","не склонна."
"10Г2С1Д","без ограничений.","",""
"10Г2СБ","","",""
"10Г2СФБ","","",""
"10Г2ФБ","","",""
"10Г2ФБЮ-1","","",""
"10Г2ФБЮ","","",""
"10ГС2","без ограничений.","",""
"10ГТ","без ограничений.","",""
"10кп","без ограничений.","не чувствительна.","не склонна."
"10пс","без ограничений.","не чувствительна.","не склонна."
"10Х14Г14Н4Т","ограниченно свариваемая.","не чувствительна.","не склонна."
"10Х2ГНМ","","",""
"10Х2М-ВД","","",""
"10Х2М","","",""
"10Х2М1","","",""
"10ХГСН1Д","","",""
"10ХНДП","без ограничений.","",""
"10ХСНД-Ш","без ограничений.","не чувствительна.","малосклонна."
"10ХСНД","без ограничений.","не чувствительна.","малосклонна."
"10ЮА","","",""
"11кп","","",""
"11Х18М-ШД","","",""
"11ЮА","","",""
"12Г2","","",""
"12Г2А","","",""
"12Г2Б-1","","",""
"12Г2Б","","",""
"12Г2С-1","","",""
"12Г2С","","",""
"12Г2СБ","","",""
"12Г2СД-1","","",""
"12Г2СД","","",""
"12Г2СМФ","без ограничений.","",""
"12Г2Ф-1","","",""
"12Г2Ф","","",""
"12Г2ФД-1","","",""
"12Г2ФД","","",""
"12ГН2МФАЮ","без ограничений.","",""
"12ГС-1","","",""
"12ГС","без ограничений.","не чувствительна.","не склонна."
"12ГСБ","","",""
"12ГСБЮ-1","","",""
"12ГСБЮ","","",""
"12ГФ-Ш","","",""
"12ГФ","","",""
"12К","без ограничений.","",""
"12Х18Н10Т","без ограничений.","не чувствительна.",""
"12Х2М-ВД","","",""
"12Х2М","","",""
"12Х2Н4А","ограниченно свариваемая.","чувствительна.","склонна."
"12Х2НВФА","","",""
"12Х2НВФМА","","",""
"12Х2НМ1ФА","","",""
"12Х2НМФА","","",""
"12Х8","","",""
"12ХГН2МФБАЮ","без ограничений.","",""
"12ХН","","",""
"12ХН2","ограниченно свариваемая.","не чувствительна.","склонна."
"12ХН2А","","",""
"12ХН2МДФ","","",""
"12ХН3А","ограниченно свариваемая.","чувствительна.","склонна."
"12ХНВФА","","",""
"13Г1С-У","","",""
"13Г1С","","",""
"13Г1СБ-У","","",""
"13Г1СБ","","",""
"13Г2АФ","","",""
"13ГС-У","","",""
"13ГС","","",""
"13Н2ХА","","",""
"13Н5А","","",""
"13ХФА","","",""
"13ХФЮ","","",""
"14Г2-1","","",""
"14Г2","ограниченно свариваемая.","",""
"14Г2АФ-1","","",""
"14Г2АФ","без ограничений.","",""
"14Г2АФД-1","","",""
"14Г2АФД","без ограничений.","",""
"14Х2ГМР","трудносвариваемая.","чувствительна.","малосклонна."
"14Х2Н3МА","","",""
"14ХГН","","",""
"14ХГС","ограниченно свариваемая.","не чувствительна.","склонна."
"15","без ограничений.","не чувствительна.","не склонна."
"15Г","без ограничений.","не чувствительна.","не склонна."
"15Г2АФД-1","","",""
"15Г2АФД","","",""
"15Г2АФДпс","без ограничений.","",""
"15Г2СФ-1","","",""
"15Г2СФ","без ограничений.","",""
"15Г2СФД-1","","",""
"15Г2СФД","без ограничений.","",""
"15ГС-Ш","без ограничений.","не чувствительна.","не склонна."
"15ГС","без ограничений.","не чувствительна.","не склонна."
"15ГФ-1","","",""
"15ГФ","без ограничений.","не чувствительна.","не склонна."
"15ГФД-1","","",""
"15ГФД","без ограничений.","",""
"15К","без ограничений.","не чувствительна.","не склонна."
"15кп","без ограничений.","не чувствительна.","не склонна."
"15Н2М","","",""
"15НМ","","",""
"15пс","без ограничений.","не чувствительна.","не склонна."
"15Х","без ограничений.","не чувствительна.","не склонна."
"15Х2ГН2ТА","","",""
"15Х2ГН2ТРА","","",""
"15ХА","","",""
"15ХГНМ","","",""
"15ХМФА","","",""
"15ХСНД-Ш","без ограничений.","не чувствительна.","малосклонна."
"15ХСНД","без ограничений.","не чувствительна.","малосклонна."
"15ХФ","без ограничений.","малочувствительна.","малосклонна."
"15ХФА","","",""
"15ЮА","","",""
"16Г2","","",""
"16Г2АФ-1","","",""
"16Г2АФ","без ограничений.","",""
"16Г2АФД-1","","",""
"16Г2АФД","без ограничений.","",""
"16Г2САФ","","",""
"16Г2СФ","","",""
"16ГС-1","","",""
"16ГС-Ш","","",""
"16ГС","без ограничений.","не чувствительна.","не склонна."
"16Д-Ш","","",""
"16Д","","",""
"16К","без ограничений.","",""
"16Х2ГСБ","","",""
"16ХГТА","","",""
"16ХСН","","",""
"17Г1С-1","","",""
"17Г1С-У-1","","",""
"17Г1С-У","","",""
"17Г1С","без ограничений.","",""
"17ГС-1","","",""
"17ГС","без ограничений.","",""
"18Г2","","",""
"18Г2АФ-1","","",""
"18Г2АФ","без ограничений.","",""
"18Г2АФД-1","","",""
"18Г2АФД","без ограничений.","",""
"18Г2АФДпс","без ограничений.","",""
"18Г2АФпс","без ограничений.","",""
"18Г2С","без ограничений.","",""
"18К","без ограничений.","",""
"18кп","","",""
"18Х2Н4ВА","","",""
"18Х2Н4МА","трудносвариваемая.","чувствительна.","не склонна."
"18ХГТ","без ограничений.","не чувствительна.","малосклонна."
"18ЮА","","",""
"19Х2НВФА","","",""
"19Х2НМФА","","",""
"19ХГН","","",""
"1Х2М1","","",""
"20-ПВ","","",""
"20","без ограничений.","не чувствительна.","не склонна."
"20А","","",""
"20Г","без ограничений.","не чувствительна.","не склонна."
"20Г2","","",""
"20ГС","без ограничений.","",""
"20ГС2","без ограничений.","",""
"20К","без ограничений.","не чувствительна.","не склонна."
"20кп","без ограничений.","не чувствительна.","не склонна."
"20Н2М","","",""
"20НМ","","",""
"20ПВ","","",""
"20пс","без ограничений.","не чувствительна.","не склонна."
"20Ф","","",""
"20ФА","","",""
"20ФЮ","","",""
"20Х","без ограничений.","малочувствительна.","не склонна."
"20Х12Н12Г6","","",""
"20Х14","","",""
"20Х17Н3М","","",""
"20Х2Г2СР","без ограничений.","",""
"20Х2Н4А","трудносвариваемая.","чувствительна.","малосклонна."
"20ХГ2Т","без ограничений.","",""
"20ХГ2Ц","без ограничений.","",""
"20ХГНМ","","",""
"20ХГНР","ограниченно свариваемая.","чувствительна.","склонна."
"20ХГС2","без ограничений.","",""
"20ХГСА","без ограничений.","не чувствительна.","склонна."
"20ХМ","","",""
"20ХН","ограниченно свариваемая.","чувствительна.","склонна."
"20ХН2М","ограниченно свариваемая.","чувствительна.","не склонна."
"20ХН3А","ограниченно свариваемая.","чувствительна.","склонна."
"20ХН3МФА","","",""
"20ХН4ФА","не применяется для сварных конструкций.","чувствительна.","склонна."
"20ХНМ","ограниченно свариваемая.","чувствительна.","не склонна."
"20ХНР","ограниченно свариваемая.","чувствительна.","склонна."
"20ХФА","","",""
"20ЮА","","",""
"20ЮЧ","","",""
"20ЮЧА","","",""
"21Х2НВФА","","",""
"21Х2НМФА","","",""
"22ГЮ","","",""
"22К","ограниченно свариваемая.","не чувствительна.","не склонна."
"22С","","",""
"22Х2Г2АЮ","без ограничений.","",""
"22Х2Г2Р","без ограничений.","",""
"22ХНМ","","",""
"23Г2Д","","",""
"23Х2Г2Т","без ограничений.","",""
"23Х2Г2Ц","без ограничений.","",""
"23Х2НВФА","","",""
"23Х2НМФА","","",""
"25","без ограничений.","не чувствительна.","не склонна."
"25Г","","",""
"25Г2С","без ограничений.","не чувствительна.","не склонна."
"25ГС","без ограничений.","",""
"25пс","","",""
"25С2Р","без ограничений.","",""
"25Х2ГНТА","","",""
"25Х2Н4ВА","","",""
"25Х2Н4МА","","",""
"25ХГНМТ","","",""
"25ХГСА","без ограничений.","чувствительна.","склонна."
"27ГС","","",""
"27ХГР","трудносвариваемая.","чувствительна.","склонна."
"28С","без ограничений.","",""
"28ХГ2ТР","","",""
"30","ограниченно свариваемая.","не чувствительна.","не склонна."
"30Г","ограниченно свариваемая.","не чувствительна.","склонна."
"30Х","ограниченно свариваемая.","чувствительна.","склонна."
"30Х10Г10Т","","",""
"30Х2НВА","","",""
"30Х2НВФА","","",""
"30Х2НМА","","",""
"30Х2НМФА","","",""
"30Х3ВА-Ш","","",""
"30Х3ВА","","",""
"30Х3МА","","",""
"30Х5","","",""
"30ХГС","ограниченно свариваемая.","чувствительна.","склонна."
"30ХГСА","ограниченно свариваемая.","чувствительна.","склонна."
"30ХГСН2А","трудносвариваемая.","чувствительна.","склонна."
"30ХГСН2МА-ВД","","",""
"30ХГСН2МА","","",""
"30ХГСНА","трудносвариваемая.","чувствительна.","склонна."
"30ХГСНМА","","",""
"30ХГТ","ограниченно свариваемая.","не чувствительна.","склонна."
"30ХН2ВА","","",""
"30ХН2ВФА","","",""
"30ХН2МФА","","",""
"30ХН3А","ограниченно свариваемая.","чувствительна.","склонна."
"30ХН3М2ФА","трудносвариваемая.","чувствительна.","малосклонна."
"30ХРА","","",""
"30ХС2","без ограничений.","",""
"32Г2","","",""
"32Г2М","","",""
"32Г2Рпс","без ограничений.","",""
"32Г2С","","",""
"33ХС","трудносвариваемая.","не чувствительна.","склонна."
"34ХМ","","",""
"34ХМА","","",""
"34ХН1М","ограниченно свариваемая.","чувствительна.","малосклонна."
"34ХН1МА","трудносвариваемая.","чувствительна.","малосклонна."
"34ХН3М","ограниченно свариваемая.","чувствительна.","малосклонна."
"34ХН3МА","трудносвариваемая.","чувствительна.","малосклонна."
"35","ограниченно свариваемая.","не чувствительна.","не склонна."
"35Г2Ф","","",""
"35Г2ФА","","",""
"35ГС","без ограничений.","",""
"35Х","ограниченно свариваемая.","малочувствительна.","склонна."
"35ХГ2","","",""
"35ХГН2","","",""
"35ХГСА","ограниченно свариваемая.","чувствительна.","склонна."
"35ХГФ","","",""
"35ХМФА","","",""
"35ХН1М2ФА","не применяется для сварных конструкций.","чувствительна.","малосклонна."
"36Г2С","","",""
"36Г2СР","","",""
"36Х2Н2МФА","трудносвариваемая.","чувствительна.","не склонна."
"36ХН1МФА","трудносвариваемая.","чувствительна.","не склонна."
"37Г2С","","",""
"37ХН3А","","",""
"38Г2МФ","","",""
"38ГСТ","","",""
"38Х2Н2ВА","","",""
"38Х2Н2МА","не применяется для сварных конструкций.","чувствительна.","не склонна."
"38Х2Н3М","трудносвариваемая.","чувствительна.","малосклонна."
"38Х2НМФ","","",""
"38Х2Ю","не применяется для сварных конструкций.","не чувствительна.","склонна."
"38ХА","трудносвариваемая.","чувствительна.","склонна."
"38ХВ","","",""
"38ХГМ","","",""
"38ХГН","трудносвариваемая.","чувствительна.","склонна."
"38ХГНМ","","",""
"38ХМ","","",""
"38ХМА","","",""
"38ХН3ВА","","",""
"38ХН3МА","не применяется для сварных конструкций.","чувствительна.","не склонна."
"38ХН3МФА","не применяется для сварных конструкций.","чувствительна.","не склонна."
"38ХНМ","","",""
"38ХНМА","не применяется для сварных конструкций.","чувствительна.","не склонна."
"38ХС","трудносвариваемая.","не чувствительна.","склонна."
"38ХЮ","не применяется для сварных конструкций.","не чувствительна.","склонна."
"3К-7","","",""
"40","ограниченно свариваемая.","не чувствительна.","не склонна."
"40Г","ограниченно свариваемая.","малочувствительна.","склонна."
"40Г2","трудносвариваемая.","чувствительна.","склонна."
"40ГР","","",""
"40Х","трудносвариваемая.","чувствительна.","склонна."
"40Х1НВА","трудносвариваемая.","чувствительна.","не склонна."
"40Х2Г2М","","",""
"40Х2Н2ВА","","",""
"40Х2Н2МА","трудносвариваемая.","чувствительна.","не склонна."
"40Х3Г2МФ","","",""
"40ХГНМ","","",""
"40ХГТР","","",""
"40ХМФА","","",""
"40ХН","трудносвариваемая.","чувствительна.","склонна."
"40ХН2ВА","","",""
"40ХН2МА-Ш","трудносвариваемая.","чувствительна.","не склонна."
"40ХН2МА","трудносвариваемая.","чувствительна.","не склонна."
"40ХН2СМА-ВД","","",""
"40ХНВА","","",""
"40ХНМА","трудносвариваемая.","чувствительна.","не склонна."
"40ХС","трудносвариваемая.","чувствительна.","склонна."
"40ХСН2МА","","",""
"40ХФА","трудносвариваемая.","чувствительна.","склонна."
"45","трудносвариваемая.","малочувствительна.","не склонна."
"45Г","трудносвариваемая.","","малосклонна."
"45Г2","трудносвариваемая.","малочувствительна.","склонна."
"45Т","","",""
"45Х","трудносвариваемая.","чувствительна.","склонна."
"45Х4В3ГФ","","",""
"45ХН","трудносвариваемая.","чувствительна.","склонна."
"45ХН2МФА","трудносвариваемая.","чувствительна.","не склонна."
"45ХНМФА","трудносвариваемая.","чувствительна.","не склонна."
"47ГТ","","",""
"50","трудносвариваемая.","малочувствительна.","не склонна."
"50А","","",""
"50Г","трудносвариваемая.","чувствительна.","склонна."
"50Г2","не применяется для сварных конструкций.","малочувствительна.","склонна."
"50Х","трудносвариваемая.","чувствительна.","склонна."
"50Х3В10Ф","","",""
"50Х6ФМС","","",""
"50ХГ","не применяется для сварных конструкций.","не чувствительна.","не склонна."
"50ХГА","не применяется для сварных конструкций.","не чувствительна.","не склонна."
"50ХГФА","не применяется для сварных конструкций.","не чувствительна.","малосклонна."
"50ХН","не применяется для сварных конструкций.","чувствительна.","склонна."
"50ХНМ","","",""
"50ХСА","","",""
"50ХФА","не применяется для сварных конструкций.","не чувствительна.","малосклонна."
"51ХФА","","",""
"55","не применяется для сварных конструкций.","малочувствительна.","не склонна."
"55пп","не применяется для сварных конструкций.","не чувствительна.","не склонна."
"55С2","не применяется для сварных конструкций.","не чувствительна.","не склонна."
"55С2А","не применяется для сварных конструкций.","не чувствительна.","не склонна."
"55С2ГФ","","",""
"55ХГР","","",""
"58","не применяется для сварных конструкций.","не чувствительна.","не склонна."
"60","не применяется для сварных конструкций.","малочувствительна.","не склонна."
"60Г","не применяется для сварных конструкций.","малочувствительна.","склонна."
"60С2","не применяется для сварных конструкций.","не чувствительна.","не склонна."
"60С2А","не применяется для сварных конструкций.","не чувствительна.","не склонна."
"60С2Г","","",""
"60С2Н2А","не применяется для сварных конструкций.","чувствительна.","не склонна."
"60С2ХА","не применяется для сварных конструкций.","не чувствительна.","не склонна."
"60С2ХФА","не применяется для сварных конструкций.","","малосклонна."
"60ХФА","","",""
"65","не применяется для сварных конструкций.","","не склонна."
"65Г","не применяется для сварных конструкций.","малочувствительна.","склонна."
"65ГА","","",""
"65С2ВА","не применяется для сварных конструкций.","не чувствительна.","не склонна."
"65С2ГВА","не применяется для сварных конструкций.","не чувствительна.","не склонна."
"68А","","",""
"68ГА","","",""
"6Г2АФ","без ограничений.","не чувствительна.",""
"70","не применяется для сварных конструкций.","малочувствительна.","не склонна."
"70Г","","",""
"70Г2","","",""
"70С2ХА","не применяется для сварных конструкций.","не чувствительна.","не склонна."
"70С3А","не применяется для сварных конструкций.","не чувствительна.","малосклонна."
"70ХГФА","","",""
"75","не применяется для сварных конструкций.","малочувствительна.","не склонна."
"80","","",""
"80С","без ограничений.","",""
"85","не применяется для сварных конструкций.","малочувствительна.","не склонна."
"8Х4В9Ф2-Ш","","",""
"EI-643-VD","","",""
"SH","","",""
"SL","","",""
"SM","","",""
"А12","не применяется для сварных конструкций.","чувствительна.","не склонна."
"А15Х","","",""
"А20","не применяется для сварных конструкций.","чувствительна.","не склонна."
"А30","не применяется для сварных конструкций.","чувствительна.","не склонна."
"А35Е","","",""
"А40ХЕ","","",""
"А45Е","","",""
"АС11","","",""
"АС12ХН","","",""
"АС14","","",""
"АС14ХГН","","",""
"АС19ХГН","","",""
"АС20ХГНМ","","",""
"АС30ХМ","","",""
"АС35Г2","","",""
"АС38ХГМ","","",""
"АС40","","",""
"АС40Х","","",""
"АС40ХГНМ","","",""
"АС45Г2","","",""
"АСЦ30ХМ","","",""
"АЦ20ХГНМ","","",""
"ВСт2кп","без ограничений.","не чувствительна.","не склонна."
"ВСт2пс","без ограничений.","не чувствительна.","не склонна."
"ВСт2сп","","",""
"ВСт3Гпс","без ограничений.","не чувствительна.","не склонна."
"ВСт3кп","без ограничений.","не чувствительна.","не склонна."
"ВСт3пс","без ограничений.","не чувствительна.","не склонна."
"ВСт3сп","без ограничений.","не чувствительна.","не склонна."
"ВСт4кп","ограниченно свариваемая.","не чувствительна.","не склонна."
"ВСт4пс","ограниченно свариваемая.","не чувствительна.","не склонна."
"ВСт5пс","ограниченно свариваемая.","не чувствительна.","не склонна."
"ВСт5сп","ограниченно свариваемая.","не чувствительна.","не склонна."
"ВСт6пс","ограниченно свариваемая.","не чувствительна.","не склонна."
"ВСт6сп","ограниченно свариваемая.","не чувствительна.","не склонна."
"Г13А","","",""
"Д","","",""
"ДБ","","",""
"Дбал","","",""
"ДМ","","",""
"ДН","","",""
"Дс","","",""
"Дтр","","",""
"КТ-2","","",""
"Н12К12М10ТЮ","","",""
"Н12К12М7В7","","",""
"Н12К15М10","","",""
"Н12К16М12","","",""
"Н12К8М3Г2","","",""
"Н12К8М4Г2","","",""
"Н13К15М10","","",""
"Н13К16М10","","",""
"Н15К9М5ТЮ","","",""
"Н16К11М3Т2","","",""
"Н16К15В9М2","","",""
"Н16К4М5Т2Ю","","",""
"Н17К10М2В10Т","","",""
"Н17К11М4Т2Ю","","",""
"Н17К12М5Т","","",""
"Н18К12М3Т2","","",""
"Н18К12М4Т2","","",""
"Н18К14М5Т","","",""
"Н18К3М4Т","","",""
"Н18К4М7ТС","","",""
"Н18К7М5Т","","",""
"Н18К8М3Т","","",""
"Н18К8М5Т","","",""
"Н18К9М5Т","","",""
"Н18Ф6М3","","",""
"Н18Ф6М6","","",""
"Н8К18М14","","",""
"ОсВ","не применяется для сварных конструкций.","не чувствительна.","не склонна."
"Ст1","без ограничений.","не чувствительна.","не склонна."
"Ст1кп","","",""
"Ст1пс","","",""
"Ст1сп","","",""
"Ст2кп","без ограничений.","не чувствительна.","не склонна."
"Ст2пс","без ограничений.","не чувствительна.","не склонна."
"Ст2сп","без ограничений.","не чувствительна.","не склонна."
"Ст3Гпс","без ограничений.","не чувствительна.","не склонна."
"Ст3Гсп","без ограничений.","",""
"Ст3кп","без ограничений.","не чувствительна.","не склонна."
"Ст3пс","без ограничений.","не чувствительна.","не склонна."
"Ст3сп","без ограничений.","не чувствительна.","не склонна."
"Ст4кп","ограниченно свариваемая.","",""
"Ст4пс","ограниченно свариваемая.","",""
"Ст4сп","","",""
"Ст5Гпс","","",""
"Ст5пс","ограниченно свариваемая.","не чувствительна.","не склонна."
"Ст5сп","ограниченно свариваемая.","не чувствительна.","не склонна."
"Ст6пс","ограниченно свариваемая.","не чувствительна.","не склонна."
"Ст6сп","ограниченно свариваемая.","не чувствительна.","не склонна."
"Х14Г14Н3Т","ограниченно свариваемая.","не чувствительна.","не склонна."
"Х18Н10Т","без ограничений.","не чувствительна.",""
"Х21Г7АН5","","",""
"Х6Ф1","","",""
"ШХ10","","",""
"ШХ15-ШД","","",""
"ШХ20СГ","","",""
"ШХ4","","",""
"ЭИ274","","",""
"ЭИ643-ВД","","",""
"ЭИ659","","",""
"ЭИ711","ограниченно свариваемая.","не чувствительна.","не склонна."
"ЭИ712","","",""
"ЭИ712М","","",""
"ЭП222","","",""
"15ХГНТА","","не чувствительна.",""
"15ХГН2ТА","","не чувствительна.",""
"18ХГ","","чувствительна.","склонна."
"20ХГНТР","","не чувствительна.","склонна."
"20ХГР","","чувствительна.","склонна."
"20ХФ","","малочувствительна.","малосклонна."
"25ХГМ","","не чувствительна.","не склонна."
"25ХГТ","","чувствительна.","склонна."
"30Г2","","чувствительна.","склонна."
"30Х3МФ","","чувствительна.","склонна."
"30ХНМА","","",""
"30ХН2МА","","",""
"35Г","","малочувствительна.","малосклонна."
"35Г2","","чувствительна.","склонна."
"38Х2НМ","","чувствительна.","склонна."
"А11","","не чувствительна.","не склонна."
"А35","","не чувствительна.","не склонна."
"А40Г","","чувствительна.","склонна."
"ШХ15-В","","чувствительна.","склонна."
"ШХ15-Ш","","чувствительна.","склонна."
"ШХ15","","чувствительна.","склонна."
"ШХ15СГ","","чувствительна.","склонна."
"Ст0","без ограничений.","не чувствительна.","не склонна."
"10832","","",""
"10848","без ограничений.","",""
"10850","","",""
"10860","","",""
"10864","без ограничений.","",""
"10880","без ограничений.","",""
"10895","без ограничений.","",""
"11832","","",""
"11848","","",""
"11850","","",""
"11860","","",""
"11864","","",""
"11880","","",""
"11895","","",""
"1211","","",""
"1212","","",""
"1213","","",""
"1311","","",""
"1312","","",""
"1313","","",""
"1411","","",""
"1412","","",""
"1413","","",""
"1511","","",""
"1512","","",""
"1513","","",""
"1514","","",""
"1521","","",""
"1561","","",""
"1562","","",""
"1571","","",""
"1572","","",""
"2011","","",""
"2012","","",""
"2013","","",""
"20832","без ограничений.","",""
"20848","без ограничений.","",""
"20850","","",""
"20860","","",""
"20864","без ограничений.","",""
"20880","без ограничений.","",""
"20895","без ограничений.","",""
"2111","","",""
"2112","","",""
"21832","","",""
"21848","","",""
"21850","","",""
"21860","","",""
"21864","","",""
"21880","","",""
"21895","","",""
"2211","","",""
"2212","","",""
"2213","","",""
"2214","","",""
"2215","","",""
"2216","","",""
"2311","","",""
"2312","","",""
"2411","","",""
"2412","","",""
"2413","","",""
"2414","","",""
"2421","","",""
"3311","","",""
"3404","","",""
"3405","","",""
"3406","","",""
"3407","","",""
"3408","","",""
"3409","","",""
"3411","","",""
"3412","","",""
"3413","","",""
"3414","","",""
"3415","","",""
"3416","","",""
"3421","","",""
"3422","","",""
"3423","","",""
"3424","","",""
"3425","","",""
"00Х18Н10Т","","",""
"03Х18Н10Т","","",""
"05Х18Н10Т","","",""
"06Х16Н15М3Б-ИД","","",""
"06Х16Н15М3Б","","",""
"08Х15Н24В4ТР","трудносвариваемая.","",""
"08Х15Н25М3ТЮБ","","",""
"08Х16Н11М3","без ограничений.","",""
"08Х16Н13М2Б","","",""
"08Х16Н9М2","","",""
"08Х20Н14С2","","",""
"08Х21Н6М2Т","без ограничений.","",""
"09Х14Н16Б","","",""
"09Х14Н19В2БР","трудносвариваемая.","",""
"09Х14Н19В2БР1","трудносвариваемая.","",""
"09Х16Н15М3Б","","",""
"09Х16Н16МВ2БР","","",""
"0Х18Х10Т","","",""
"0Х20Н14С2","","",""
"0Х21Н6М2Т","без ограничений.","",""
"10ГН2МФА-ВД","","",""
"10ГН2МФА-Ш","","",""
"10ГН2МФА","","",""
"10Х11Н20Т2Р","","",""
"10Х11Н20Т3Р","","",""
"10Х11Н23Т3МР","","",""
"10Х13Г12БС2Н2Д2","","",""
"10Х13П2БС2Н2Д2","","",""
"10Х13СЮ","","",""
"10Х15Н25В3ТЮ","","",""
"10Х15Н25М3В3ТЮК","","",""
"10Х15Н35В3ТЮ","","",""
"10Х18Н18Ю4Д","","",""
"10Х25Н25ТР","","",""
"10Х7МВФБР","","",""
"11Х11Н2В2МФ","","",""
"12МХ","без ограничений.","чувствительна.","не склонна."
"12Х12МВФБР","","",""
"12Х14Н14В2М","без ограничений.","",""
"12Х1МФ-ПВ","","",""
"12Х1МФ","ограниченно свариваемая.","",""
"12Х25Н16Г7АР","без ограничений.","",""
"12Х2МВ8ФБ","","",""
"12Х2МФБ","","",""
"12Х2МФСР","","",""
"12Х8ВФ","","",""
"12ХМ","","",""
"12ХМФ","ограниченно свариваемая.","",""
"13Х11Н2В2МФ","","",""
"13Х14Н3В2ФР","","",""
"15Х11МФ","трудносвариваемая.","",""
"15Х12ВНМФ","трудносвариваемая.","",""
"15Х18СЮ","","",""
"15Х1М1Ф","","",""
"15Х2М2ФБС","","",""
"15Х5","","",""
"15Х5ВФ","","",""
"15Х5М","трудносвариваемая.","чувствительна.","не склонна."
"15Х6СЮ","","",""
"15ХМ","без ограничений.","чувствительна.","не склонна."
"15ХМФКР","","",""
"16ГНМ","без ограничений.","",""
"16ГНМА","","",""
"16Х11Н2В2МФ","","",""
"18Х11МНФБ","трудносвариваемая.","",""
"18Х12ВМБФР","не применяется для сварных конструкций.","",""
"18Х3МВ","","",""
"1Х11МФ","трудносвариваемая.","",""
"1Х12ВНМФ","трудносвариваемая.","",""
"1Х12Н2ВМФ","","",""
"1Х12СЮ","","",""
"1Х14Н18В2БР","трудносвариваемая.","",""
"1Х14Н18В2БР1","трудносвариваемая.","",""
"1Х16Н13М2Б","","",""
"1Х8ВФ","","",""
"20Х12ВНМФ","трудносвариваемая.","",""
"20Х12Н2В2МФ","без ограничений.","",""
"20Х1М1Ф1БР","","",""
"20Х1М1Ф1ТР","","",""
"20Х20Н14С2","","",""
"20Х23Н13","ограниченно свариваемая.","","склонна."
"20Х23Н18","ограниченно свариваемая.","",""
"20Х3МВФ","ограниченно свариваемая.","",""
"20ХМФБ","","",""
"20ХМФБР","","",""
"25Х1М1Ф","","",""
"25Х1М1ФА","","",""
"25Х1МФ","трудносвариваемая.","чувствительна.","не склонна."
"25Х2М1Ф","не применяется для сварных конструкций.","",""
"2Х11МФБН","трудносвариваемая.","",""
"2Х12ВМБФР","не применяется для сварных конструкций.","",""
"2Х12ВНМФ","трудносвариваемая.","",""
"2Х12Н2ВМФ","","",""
"30Х13Н7С2","","",""
"30ХМ","ограниченно свариваемая.","малочувствительна.","не склонна."
"30ХМА","ограниченно свариваемая.","чувствительна.","не склонна."
"31Х19Н9МВБТ","трудносвариваемая.","",""
"35ХМ","ограниченно свариваемая.","чувствительна.","не склонна."
"36Х18Н25С2","","",""
"37Х12Н8Г8МФБ","ограниченно свариваемая.","",""
"38Х2МЮА","не применяется для сварных конструкций.","чувствительна.","не склонна."
"38ХМЮА","не применяется для сварных конструкций.","чувствительна.","не склонна."
"3Х13Н7С2","","",""
"3Х19Н9МВБТ","трудносвариваемая.","",""
"40Х10С2М","трудносвариваемая.","не чувствительна.","не склонна."
"40Х15Н7Г7Ф2МС","","",""
"40Х9С2","не применяется для сварных конструкций.","не чувствительна.","склонна."
"45Х14Н14В2М","трудносвариваемая.","",""
"45Х14НМВ2М","","",""
"45Х22Н4М3","","",""
"4Х10С2М","трудносвариваемая.","не чувствительна.","не склонна."
"4Х12Н8Г8МФБ","ограниченно свариваемая.","",""
"4Х14Н14В2М","","",""
"4Х15Н7Г7Ф2МС","","",""
"4Х18Н25С2","","",""
"4Х22Н4М3","","",""
"4Х9С2","не применяется для сварных конструкций.","не чувствительна.","склонна."
"55Х20Г9АН4","","",""
"55Х20Г9АН4Б","","",""
"5Х20Н4АГ9","","",""
"АНВ-300","","",""
"АНВ300","","",""
"В3К","","",""
"ВЖЛ1-ВИ","","",""
"ВЖЛ1","","",""
"ВЖЛ12У-ВИ","","",""
"ВЖЛ12У","","",""
"ВЖЛ12Э-ВИ","","",""
"ВЖЛ12Э","","",""
"ВЖЛ14","","",""
"ВЖЛ14Н-ВИ","","",""
"ВЖЛ14Н","","",""
"ВЖЛ18-ВИ","","",""
"ВЖЛ18","","",""
"ВЖЛ2-ВИ","","",""
"ВЖЛ2","","",""
"ВЖЛ8","","",""
"ВХ4Л-ВИ","","",""
"ВХ4Л","","",""
"ВХ9Л-ВИ","","",""
"ВХ9Л","","",""
"ВХН1","","",""
"ДИ59","","",""
"ЖС16-ВИ","","",""
"ЖС16","","",""
"ЖС3-ВИ","","",""
"ЖС3","","",""
"ЖС30-ВИ","","",""
"ЖС30","","",""
"ЖС3ДК-ВИ","","",""
"ЖС3ДК","","",""
"ЖС3ЛС","","",""
"ЖС6К-ВИ","","",""
"ЖС6К","","",""
"ЖС6У-ВИ","","",""
"ЖС6У","","",""
"ЖС6УД","","",""
"Л114","","",""
"ЛК4","","",""
"Х12Н20Т2Р","","",""
"Х12Н20Т3Р","","",""
"Х12Н22Т3МР","","",""
"Х12Н2ВМФ","","",""
"Х14НВФР","","",""
"Х15Н24В4Т","трудносвариваемая.","",""
"Х16Н15М3Б","","",""
"Х18СЮ","","",""
"Х20Н14С2","","",""
"Х20Н32Т","","",""
"Х21Н28В5М3БАР","","",""
"Х23Н13","ограниченно свариваемая.","","склонна."
"Х23Н18","ограниченно свариваемая.","",""
"Х25Н16Г7АР","без ограничений.","",""
"Х5","","",""
"Х5ВФ","","",""
"Х5М","трудносвариваемая.","чувствительна.","не склонна."
"Х6СЮ","","",""
"ХН28ВМАБ","","",""
"ХН32Т","","",""
"ХН33БС","","",""
"ХН35ВТ","трудносвариваемая.","",""
"ХН35ВТР","","",""
"ХН35ВТЮ","трудносвариваемая.","",""
"ХН38ВБ","","",""
"ХН38ВТ","","",""
"ХН45Ю","","",""
"ХН51ВМТЮКФР-ВД","","",""
"ХН51ВМТЮКФР","","",""
"ХН55М6ВЮ","","",""
"ХН55МВЮ","","",""
"ХН56ВМКЮ-ВД","","",""
"ХН56ВМКЮ","","",""
"ХН56ВМТЮ","","",""
"ХН57МТВЮ","","",""
"ХН58ВМКЮР-ВД","","",""
"ХН58ВМКЮР","","",""
"ХН60ВТ","без ограничений.","",""
"ХН60МЮВТ-ВД","","",""
"ХН60МЮВТ","","",""
"ХН60Ю","без ограничений.","",""
"ХН62ВМКЮ","","",""
"ХН62МВКЮ-ВД","","",""
"ХН62МВКЮ","","",""
"ХН65ВМТЮ-ВД","трудносвариваемая.","",""
"ХН65ВМТЮ-ВИ","трудносвариваемая.","",""
"ХН65ВМТЮ","трудносвариваемая.","",""
"ХН65МВТЮ","трудносвариваемая.","",""
"ХН67МВТЮ-ВД","","",""
"ХН67МВТЮ","","",""
"ХН70ВМТЮ-ВИ","трудносвариваемая.","",""
"ХН70ВМТЮ","трудносвариваемая.","",""
"ХН70ВМТЮФ-ВД","трудносвариваемая.","",""
"ХН70ВМТЮФ","трудносвариваемая.","",""
"ХН70ВМЮТ","трудносвариваемая.","",""
"ХН70МВТЮБ-ВД","","",""
"ХН70МВТЮБ-ВИ","","",""
"ХН70МВТЮБ","","",""
"ХН70Ю","ограниченно свариваемая.","",""
"ХН75ВМЮ","","",""
"ХН75МБТЮ","без ограничений.","",""
"ХН77ТЮ","","",""
"ХН77ТЮР-ВД","трудносвариваемая.","",""
"ХН77ТЮР","трудносвариваемая.","",""
"ХН77ТЮРУ-ВД","","",""
"ХН77ТЮРУ-ПД","","",""
"ХН77ТЮРУ","","",""
"ХН78Т","трудносвариваемая.","",""
"ХН80ТБЮ","трудносвариваемая.","",""
"ЭИ10","трудносвариваемая.","чувствительна.","не склонна."
"ЭИ107","трудносвариваемая.","не чувствительна.","не склонна."
"ЭИ202","","",""
"ЭИ211","","",""
"ЭИ319","ограниченно свариваемая.","","склонна."
"ЭИ388","","",""
"ЭИ404","","",""
"ЭИ415","ограниченно свариваемая.","",""
"ЭИ417","ограниченно свариваемая.","",""
"ЭИ428","","",""
"ЭИ435","трудносвариваемая.","",""
"ЭИ437А","","",""
"ЭИ437Б-ВД","трудносвариваемая.","",""
"ЭИ437Б","трудносвариваемая.","",""
"ЭИ437БУ-ВД","","",""
"ЭИ437БУ-ПД","","",""
"ЭИ437БУ","","",""
"ЭИ481","ограниченно свариваемая.","",""
"ЭИ484","","",""
"ЭИ559А","без ограничений.","",""
"ЭИ572","трудносвариваемая.","",""
"ЭИ578","","",""
"ЭИ579","ограниченно свариваемая.","",""
"ЭИ598-ВД","","",""
"ЭИ598-ВИ","","",""
"ЭИ598","","",""
"ЭИ602","без ограничений.","",""
"ЭИ607","трудносвариваемая.","",""
"ЭИ612","трудносвариваемая.","",""
"ЭИ617-ВИ","трудносвариваемая.","",""
"ЭИ617","трудносвариваемая.","",""
"ЭИ652","ограниченно свариваемая.","",""
"ЭИ680","","",""
"ЭИ69","","",""
"ЭИ694","","",""
"ЭИ695Р","трудносвариваемая.","",""
"ЭИ696","","",""
"ЭИ696А","","",""
"ЭИ703","","",""
"ЭИ703Б","","",""
"ЭИ72","","",""
"ЭИ725","","",""
"ЭИ726","трудносвариваемая.","",""
"ЭИ732","","",""
"ЭИ736","","",""
"ЭИ765","трудносвариваемая.","",""
"ЭИ787","трудносвариваемая.","",""
"ЭИ802","трудносвариваемая.","",""
"ЭИ826-ВД","трудносвариваемая.","",""
"ЭИ826","трудносвариваемая.","",""
"ЭИ827","","",""
"ЭИ835","без ограничений.","",""
"ЭИ847-ИД","","",""
"ЭИ847","","",""
"ЭИ867-ВД","","",""
"ЭИ867","","",""
"ЭИ868","без ограничений.","",""
"ЭИ893-ВД","трудносвариваемая.","",""
"ЭИ893-ВИ","трудносвариваемая.","",""
"ЭИ893","трудносвариваемая.","",""
"ЭИ961","","",""
"ЭИ962","","",""
"ЭИ962А","","",""
"ЭИ993","не применяется для сварных конструкций.","",""
"ЭП109-ВД","","",""
"ЭП109","","",""
"ЭП126","","",""
"ЭП164","трудносвариваемая.","",""
"ЭП182","","",""
"ЭП199","","",""
"ЭП202-ВД","","",""
"ЭП202","","",""
"ЭП220-ВД","","",""
"ЭП238-ВД","","",""
"ЭП291","трудносвариваемая.","",""
"ЭП303","","",""
"ЭП303Б","","",""
"ЭП33","","",""
"ЭП428","трудносвариваемая.","",""
"ЭП44","","",""
"ЭП454","","",""
"ЭП48","","",""
"ЭП503","","",""
"ЭП505","","",""
"ЭП539-ВД","","",""
"ЭП54","без ограничений.","",""
"ЭП590","","",""
"ЭП670","","",""
"ЭП747","","",""
"ЭП752","","",""
"ЭП975-ИД","","",""
"ЭП975ИД","","",""
"10Х23Н18","","","склонна."
"0Х23Н18","","","склонна."
"20Х25Н20С2","","","склонна."
"Х25Н20С2","","","склонна."
"ЭИ283","","","склонна."
"000Х18Н11","","",""
"000Х18Н12","","",""
"000Х23Н28М3Д3Т","","",""
"00Х16Н15М3Б","без ограничений.","",""
"00Х18Н10","","",""
"00Х20Н20М4Б","без ограничений.","",""
"02Х18Н11","","",""
"03Х15Н35Г7М6Б","","",""
"03Х16Н15М3","без ограничений.","",""
"03Х16Н15М3Б","без ограничений.","",""
"03Х18Н11","","",""
"03Х18Н12","","",""
"03Х18Н16М3","","",""
"03Х21Н21М4ГБ","без ограничений.","",""
"03Х21Н32М3Б-ВИ","","",""
"03Х21Н32М3Б","","",""
"03Х22Н6М2","","",""
"03Х23Н6","","",""
"03ХН28МДТ","","",""
"04Х17Т","","",""
"04Х18Н10","","",""
"06Х12Н3Д","","",""
"06Х16Н15М2Г2ТФР-ИД","","",""
"06Х16Н15М2Г2ТФР","","",""
"06Х18Н10Т","","",""
"06Х18Н11","","",""
"06ХН28МДТ","без ограничений.","",""
"06ХН28МТ","","",""
"07Х16Н4Б","","",""
"07Х16Н6","","",""
"08Х10Н20Т2","","",""
"08Х13","ограниченно свариваемая.","","склонна."
"08Х14МФ-Ш","","",""
"08Х14МФ","","",""
"08Х14Ф","","",""
"08Х15Н5Д2Т-Ш","","",""
"08Х15Н5Д2Т","","",""
"08Х15Н5Д2ТУ-ВД","","",""
"08Х15Н5Д2ТУ-Ш","","",""
"08Х15Н5Д2ТУ","","",""
"08Х17Н13М2Т","без ограничений.","",""
"08Х17Н15М3Т","без ограничений.","",""
"08Х17Н5М3","без ограничений.","",""
"08Х17Н6Т","","",""
"08Х17Т","ограниченно свариваемая.","","склонна."
"08Х18Г8Н2Т","без ограничений.","",""
"08Х18Н10","без ограничений.","",""
"08Х18Н10Т","без ограничений.","",""
"08Х18Н12Б","","",""
"08Х18Н12Т","","",""
"08Х18Т1","ограниченно свариваемая.","",""
"08Х18Тч","","",""
"08Х22Н6Т","без ограничений.","","склонна."
"08ХГСБДП","","",""
"08ХГСДП","","",""
"09Х15Н8Ю","","",""
"09Х15Н8Ю1","","",""
"09Х16Н4Б","","",""
"09Х17Н-Ш","","",""
"09Х17Н","","",""
"09Х17Н7Ю","","",""
"09Х17Н7Ю1","","",""
"09Х18Н10Т","","",""
"0Х10Н20Т2","","",""
"0Х13","ограниченно свариваемая.","","склонна."
"0Х15Н65М16В","","",""
"0Х17Н13М2Т","без ограничений.","",""
"0Х17Н16М3Т","без ограничений.","",""
"0Х17Н7Ю","","",""
"0Х17Н7Ю1","","",""
"0Х17Т","ограниченно свариваемая.","","склонна."
"0Х18Г8Н2Т","без ограничений.","",""
"0Х18Н10","без ограничений.","",""
"0Х18Н10Т","без ограничений.","",""
"0Х18Н11","","",""
"0Х18Н12Б","","",""
"0Х18Н12Т","","",""
"0Х18Н5Г12АБ","","",""
"0Х18Т1","ограниченно свариваемая.","",""
"0Х20Н4АГ10","","",""
"0Х22Н5Т","без ограничений.","","склонна."
"0Х23Н28М3Д3Т","без ограничений.","",""
"10Х12НД","ограниченно свариваемая.","",""
"10Х14АГ15","без ограничений.","",""
"10Х14Г14Н3","","",""
"10Х17Н13М2Т","без ограничений.","",""
"10Х17Н13М3Т","без ограничений.","",""
"10Х18Н10Т","","",""
"10Х9МФБ-Ш","","",""
"10Х9МФБ","","",""
"12Х11В2МФ","","",""
"12Х12М1БФР-Ш","","",""
"12Х12М1БФР","","",""
"12Х13","ограниченно свариваемая.","","склонна."
"12Х17","трудносвариваемая.","","склонна."
"12Х17Г9АН4","","",""
"12Х18Н10Е","","",""
"12Х18Н12Т","ограниченно свариваемая.","",""
"12Х18Н9","без ограничений.","",""
"12Х18Н9Т","без ограничений.","",""
"12Х21Н5Т","","",""
"13Х16Н3Б","","",""
"14Х17Н2","трудносвариваемая.","","склонна."
"15Х17АГ14","трудносвариваемая.","",""
"15Х18Н12С4ТЮ","","",""
"15Х25Т","трудносвариваемая.","","склонна."
"15Х28","ограниченно свариваемая.","","склонна."
"17Х18Н9","","",""
"18Х15Н3М-Ш","","",""
"18Х15Н3М","","",""
"1Х13","ограниченно свариваемая.","","склонна."
"1Х17Н2","трудносвариваемая.","","склонна."
"1Х18Н10Т","","",""
"1Х21Н5Т","","",""
"20Х13","ограниченно свариваемая.","не чувствительна.","склонна."
"20Х13Н4Г9","","",""
"20Х17Н2","","",""
"25Х13Н2","","",""
"25Х17Н2В-Ш","","",""
"25Х17Н2В","","",""
"2Х13","ограниченно свариваемая.","не чувствительна.","склонна."
"2Х13Н4Г9","","",""
"2Х14Н2","","",""
"2Х17Н2","","",""
"2Х18Н9","","",""
"30Х10Г10","","",""
"30Х13","не применяется для сварных конструкций.","не чувствительна.","малосклонна."
"35Н32КХМ","","",""
"3Х13","не применяется для сварных конструкций.","не чувствительна.","малосклонна."
"40Х13","не применяется для сварных конструкций.","",""
"45КХНМВТ","","",""
"48КХВН","","",""
"4Х13","не применяется для сварных конструкций.","",""
"65Х13","","",""
"95Х18","","",""
"9Х18","","",""
"X18H10E","","",""
"ВНС-2-Ш","","",""
"ДИ-13","без ограничений.","",""
"ДИ-21","","",""
"ДИ-77","","",""
"ДИ1-Ш","","",""
"ДИ1","","",""
"ДИ82-Ш","","",""
"ДИ82","","",""
"КО-3","без ограничений.","",""
"Н70МФ","","",""
"Н70МФВ","","",""
"НН3","","",""
"НН3Б","","",""
"Х14АГ5","без ограничений.","",""
"Х15Н9Ю","","",""
"Х16Н6","","",""
"Х17","трудносвариваемая.","","склонна."
"Х17Г9АН4","","",""
"Х17Н13М2Т","без ограничений.","",""
"Х17Н13М3Т","без ограничений.","",""
"Х17Н5М3","без ограничений.","",""
"Х18Н12Т","ограниченно свариваемая.","",""
"Х18Н9","без ограничений.","",""
"Х18Н9Т","без ограничений.","",""
"Х25Т","трудносвариваемая.","","склонна."
"Х28","ограниченно свариваемая.","","склонна."
"ХК62М6Л","","",""
"ХН58В","","",""
"ХН65МВ","","",""
"ХН65МВУ","","",""
"ЧС130","","",""
"ЧС33-ВИ","","",""
"ЧС33","","",""
"ЧС68-ИД","","",""
"ЧС68","","",""
"ЭИ100","","",""
"ЭИ229","","",""
"ЭИ268","трудносвариваемая.","","склонна."
"ЭИ349","ограниченно свариваемая.","","склонна."
"ЭИ35","без ограничений.","",""
"ЭИ402","","",""
"ЭИ432","без ограничений.","",""
"ЭИ439","трудносвариваемая.","","склонна."
"ЭИ448","без ограничений.","",""
"ЭИ474","","",""
"ЭИ496","ограниченно свариваемая.","","склонна."
"ЭИ580","без ограничений.","",""
"ЭИ645","ограниченно свариваемая.","","склонна."
"ЭИ654","","",""
"ЭИ684","","",""
"ЭИ811","","",""
"ЭИ842","","",""
"ЭИ844Б","без ограничений.","",""
"ЭИ878","","",""
"ЭИ904","","",""
"ЭИ914","без ограничений.","",""
"ЭИ925","без ограничений.","",""
"ЭИ943","без ограничений.","",""
"ЭП288","","",""
"ЭП410-Ш","","",""
"ЭП410","","",""
"ЭП410У-ВД","","",""
"ЭП410У-Ш","","",""
"ЭП410У","","",""
"ЭП450-Ш","","",""
"ЭП450","","",""
"ЭП47","","",""
"ЭП516","","",""
"ЭП53","без ограничений.","","склонна."
"ЭП550","","",""
"ЭП56","","",""
"ЭП567","","",""
"ЭП760","","",""
"ЭП795","","",""
"ЭП814А","","",""
"ЭП864","","",""
"L-Ni35","","",""
"L-NiCr20-2","","",""
"L-NiCr20-3","","",""
"L-NiCr30-3","","",""
"L-NiCuCr15-6-2","","",""
"L-NiCuCr15-6-3","","",""
"L-NiMn13-7","","",""
"L-NiSiCr20-5-3","","",""
"L-NiSiCr30-5-5","","",""
"S-Ni22","","",""
"S-Ni35","","",""
"S-NiCr20-2","","",""
"S-NiCr20-3","","",""
"S-NiCr30-1","","",""
"S-NiCr30-3","","",""
"S-NiCr35-3","","",""
"S-NiMn13-7","","",""
"S-NiMn23-4","","",""
"S-NiSiCr20-5-2","","",""
"S-NiSiCr30-5-5","","",""
"АЧВ-1","","",""
"АЧВ-2","","",""
"АЧК-1","","",""
"АЧК-2","","",""
"АЧС-1","","",""
"АЧС-2","","",""
"АЧС-3","","",""
"АЧС-4","","",""
"АЧС-5","","",""
"АЧС-6","","",""
"ВЧ100","","",""
"ВЧ35","","",""
"ВЧ40","","",""
"ВЧ45","","",""
"ВЧ50","","",""
"ВЧ60","","",""
"ВЧ70","","",""
"ВЧ80","","",""
"КЧ30-6","","",""
"КЧ33-8","","",""
"КЧ35-10","","",""
"КЧ37-12","","",""
"КЧ45-7","","",""
"КЧ50-5","","",""
"КЧ55-4","","",""
"КЧ60-3","","",""
"КЧ65-3","","",""
"КЧ70-2","","",""
"КЧ80-1.5","","",""
"Л1","","",""
"Л2","","",""
"Л3","","",""
"Л4","","",""
"Л5","","",""
"Л6","","",""
"ЛР1","","",""
"ЛР2","","",""
"ЛР3","","",""
"ЛР4","","",""
"ЛР5","","",""
"ЛР6","","",""
"ЛР7","","",""
"П1","","",""
"П2","","",""
"ПВК1","","",""
"ПВК2","","",""
"ПВК3","","",""
"ПЛ1","","",""
"ПЛ2","","",""
"ПФ1","","",""
"ПФ2","","",""
"ПФ3","","",""
"СЧ10","","",""
"СЧ15","","",""
"СЧ20","","",""
"СЧ25","","",""
"СЧ30","","",""
"СЧ35","","",""
"ЧВГ30","","",""
"ЧВГ35","","",""
"ЧВГ40","","",""
"ЧВГ45","","",""
"ЧГ6С3Ш","","",""
"ЧГ7Х4","","",""
"ЧГ8Д3","","",""
"ЧН11Г7Ш","","",""
"ЧН15Д3Ш","","",""
"ЧН15Д7","","",""
"ЧН19Х3Ш","","",""
"ЧН20Д2Ш","","",""
"ЧН2Х","","",""
"ЧН3ХМДШ","","",""
"ЧН4Х2","","",""
"ЧНМШ","","",""
"ЧНХМД","","",""
"ЧНХМДШ","","",""
"ЧНХТ","","",""
"ЧС13","","",""
"ЧС15","","",""
"ЧС15М4","","",""
"ЧС17","","",""
"ЧС17М3","","",""
"ЧС5","","",""
"ЧС5Ш","","",""
"ЧХ1","","",""
"ЧХ16","","",""
"ЧХ16М2","","",""
"ЧХ2","","",""
"ЧХ22","","",""
"ЧХ22С","","",""
"ЧХ28","","",""
"ЧХ28Д2","","",""
"ЧХ28П","","",""
"ЧХ3","","",""
"ЧХ32","","",""
"ЧХ3Т","","",""
"ЧХ9Н5","","",""
"ЧЮ22Ш","","",""
"ЧЮ30","","",""
"ЧЮ6С5","","",""
"ЧЮ7Х2","","",""
"ЧЮХШ","","",""
"CuZn36Pb2As","","",""
"CuZn39Pb3","","",""
"Л59","","",""
"Л60","","",""
"Л66","","",""
"Л68","","",""
"Л70","","",""
"Л75","","",""
"Л75мк","","",""
"Л80","","",""
"Л85","","",""
"Л90","","",""
"Л96","","",""
"ЛА","","",""
"ЛА67-2.5","","",""
"ЛА77-2","","",""
"ЛА77-2у","","",""
"ЛА85-0.5","","",""
"ЛАЖ60-1-1","","",""
"ЛАЖМц","","",""
"ЛАЖМц66-6-3-2","","",""
"ЛАМш77-2-0.04","","",""
"ЛАМш77-2-0.05","","",""
"ЛАН59-3-2","","",""
"ЛАНКМц75-2-2.5-0.5-0.5","","",""
"ЛЖМц59-1-1","","",""
"ЛЖС58-1-1","","",""
"ЛК","","",""
"ЛК1","","",""
"ЛК2","","",""
"ЛК62-0.5","","",""
"ЛК75В","","",""
"ЛК80-3","","",""
"ЛК80-Л","","",""
"ЛКБО62-0.2-0.04-0.5","","",""
"ЛКС","","",""
"ЛКС65-1.5-3","","",""
"ЛМц58-2","","",""
"ЛМц58-2Л","","",""
"ЛМцА57-3-1","","",""
"ЛМцЖ","","",""
"ЛМцЖ55-3-1","","",""
"ЛМцКА","","",""
"ЛМцС","","",""
"ЛМцСК","","",""
"ЛМцСКА","","",""
"ЛМш68-0.05","","",""
"ЛН65-5","","",""
"ЛО60-1","","",""
"ЛО62-1","","",""
"ЛО70-1","","",""
"ЛО90-1","","",""
"ЛОК59-1-0.3","","",""
"ЛОМш70-1-0.04","","",""
"ЛОМш70-1-0.05","","",""
"ЛОС","","",""
"ЛС","","",""
"ЛС58-2","","",""
"ЛС58-3","","",""
"ЛС59-1","","",""
"ЛС59-1В","","",""
"ЛС59-1ЛД","","",""
"ЛС59-2","","",""
"ЛС60-1","","",""
"ЛС63-3","","",""
"ЛС63-3А","","",""
"ЛС64-2","","",""
"ЛС74-3","","",""
"ЛСд","","",""
"ЛСдч","","",""
"ЛСч","","",""
"ЛЦ14К3С3","","",""
"ЛЦ16К4","","",""
"ЛЦ23А6Ж3Мц2","","",""
"ЛЦ25С2","","",""
"ЛЦ30А3","","",""
"ЛЦ37Мц2С2К","","",""
"ЛЦ38Мц2С2","","",""
"ЛЦ40АЖ","","",""
"ЛЦ40Мц1.5","","",""
"ЛЦ40Мц3А","","",""
"ЛЦ40Мц3Ж","","",""
"ЛЦ40С","","",""
"ЛЦ40СД","","",""
"Л63","","",""
"Л63А","","",""
"Cu-DHP","","",""
"АМФ","","",""
"АМФу","","",""
"ВПр-1","","",""
"ВПр-2","","",""
"ВПр-4","","",""
"ВПр1","","",""
"ВПр2","","",""
"ВПр4","","",""
"Константан","","",""
"Копель","","",""
"КуниальА","","",""
"КуниальБ","","",""
"М0","","",""
"М00","","",""
"М001","","",""
"М001б","","",""
"М00б","","",""
"М00к","","",""
"М0б","","",""
"М0к","","",""
"М1","","",""
"М1к","","",""
"М1ор","","",""
"М1р","","",""
"М1рЕ","","",""
"М1у","","",""
"М1ф","","",""
"М2","","",""
"М2к","","",""
"М2р","","",""
"М3","","",""
"М3р","","",""
"МБ-1","","",""
"МН-10","","",""
"МН0.6","","",""
"МН10","","",""
"МН16","","",""
"МН19","","",""
"МН25","","",""
"МН95-5","","",""
"МНА13-3","","",""
"МНА6-1.5","","",""
"МНЖ5-1","","",""
"МНЖКТ5-1-0.2-0.2","","",""
"МНЖМц10-1-1","","",""
"МНЖМц30-1-1","","",""
"МНМц3-12","","",""
"МНМц40-1.5","","",""
"МНМц43-0.5","","",""
"МНМцАЖ3-12-0.3-0.3","","",""
"МНЦ12-24","","",""
"МНЦ15-20","","",""
"МНЦ18-20","","",""
"МНЦ18-27","","",""
"МНЦС16-29-1.8","","",""
"Монель","","",""
"МСр1","","",""
"МФ10","","",""
"МФ9","","",""
"НМЖМц28-2.5-1.5","","",""
"ПМФОЦр6-4-0.03","","",""
"ПМЦ36","","",""
"ПМЦ48","","",""
"ПМЦ54","","",""
"СплавТБ","","",""
"СплавТП","","",""
"М1Е","","",""
"М1б","","",""
"1010","","",""
"1010Е","","",""
"1011","","",""
"1011Е","","",""
"1013","","",""
"1015","","",""
"1050","","",""
"1105","","",""
"1110","","",""
"1117","","",""
"1140","","",""
"1141","","",""
"1145","","",""
"1160","","",""
"1163","","",""
"1165","","",""
"1167","","",""
"1180","","",""
"1190","","",""
"1197","","",""
"1201","без ограничений.","",""
"1310","","",""
"1310Е","","",""
"1330","","",""
"1340","","",""
"1350","","",""
"1360","","",""
"1380","","",""
"1400","без ограничений.","",""
"1401","","",""
"1403","","",""
"1420","","",""
"1505","","",""
"1510","без ограничений.","",""
"1520","без ограничений.","",""
"1530","без ограничений.","",""
"1540","","",""
"1550","","",""
"1557","","",""
"1560","","",""
"1901","","",""
"1903","","",""
"1915","","",""
"1920","","",""
"1925","","",""
"1950","","",""
"1957","","",""
"1980","","",""
"1985ч","","",""
"6060","","",""
"6063","","",""
"8011","","",""
"8011А","","",""
"8111","","",""
"AlB3","","",""
"AlB4","","",""
"AlB5","","",""
"AlBe5","","",""
"AlBi3","","",""
"AlCa10","","",""
"AlCa6","","",""
"AlCo10","","",""
"AlCr10","","",""
"AlCr20A","","",""
"AlCr20B","","",""
"AlCr5A","","",""
"AlCr5B","","",""
"AlCu33A","","",""
"AlCu33B","","",""
"AlCu50A","","",""
"AlCu50B","","",""
"AlFe10A","","",""
"AlFe10B","","",""
"AlFe20","","",""
"AlMg0.7Si","","",""
"AlMg10","","",""
"AlMg20","","",""
"AlMg50","","",""
"AlMgSi","","",""
"AlMgSi0.5","","",""
"AlMn10A","","",""
"AlMn10B","","",""
"AlMn20A","","",""
"AlMn20B","","",""
"AlMn60A","","",""
"AlMn60B","","",""
"AlNi10","","",""
"AlNi20","","",""
"AlSb10","","",""
"AlSc2A","","",""
"AlSc2B","","",""
"AlSc5A","","",""
"AlSc5B","","",""
"AlSi20A","","",""
"AlSi20B","","",""
"AlSi50A","","",""
"AlSi50B","","",""
"AlSr10","","",""
"AlSr10Ti1B0.2","","",""
"AlSr3.5","","",""
"AlSr5","","",""
"AlTi10A","","",""
"AlTi10B","","",""
"AlTi2.5","","",""
"AlTi3B1","","",""
"AlTi5","","",""
"AlTi5B0.2","","",""
"AlTi5B0.6","","",""
"AlTi5B1","","",""
"AlV10","","",""
"AlV5","","",""
"AlZr10A","","",""
"AlZr10B","","",""
"AlZr15","","",""
"AlZr2.5","","",""
"AlZr5A","","",""
"AlZr5B","","",""
"А0","","",""
"А35ГОСТ11069-2001","","",""
"А5","","",""
"А5Е","","",""
"А6","","",""
"А7","","",""
"А7Е","","",""
"А7Э","","",""
"А8","","",""
"А85","","",""
"А95","","",""
"А97","","",""
"А98","","",""
"А99","","",""
"А995","","",""
"А999","","",""
"А99КВ","","",""
"АВ","","",""
"АВ86","","",""
"АВ86Ф","","",""
"АВ87","","",""
"АВ87Ф","","",""
"АВ88","","",""
"АВ88Ф","","",""
"АВ91","","",""
"АВ91Ф","","",""
"АВ92","","",""
"АВ92Ф","","",""
"АВ97","","",""
"АВ97Ф","","",""
"АВД1-1","","",""
"АВД1","","",""
"АВЕ","","",""
"АД","","",""
"АД0","","",""
"АД00","","",""
"АД000","","",""
"АД00Е","","",""
"АД0Е","","",""
"АД1","","",""
"АД1пл","","",""
"АД31","","",""
"АД31Е","","",""
"АД33","","",""
"АД35","","",""
"АДоч","","",""
"АДС","","",""
"АДч","","",""
"АЖ0.6","","",""
"АЖ0.8","","",""
"АЖ1","","",""
"АК10М2Н","","",""
"АК10су","","",""
"АК11М2","","",""
"АК12","","",""
"АК12ж","","",""
"АК12М2","","",""
"АК12М2МгН","","",""
"АК12ММгН","","",""
"АК12оч","","",""
"АК12П","","",""
"АК12пч","","",""
"АК12ч","","",""
"АК13","","",""
"АК18","","",""
"АК21М2.5Н2.5","","",""
"АК4-1","","",""
"АК4-1ч","","",""
"АК4","","",""
"АК4М4","","",""
"АК4ч","","",""
"АК5М","","",""
"АК5М2","","",""
"АК5М2П","","",""
"АК5М4","","",""
"АК5М7","","",""
"АК5Мч","","",""
"АК6","","",""
"АК6М2","","",""
"АК6ч","","",""
"АК7","","",""
"АК7М2","","",""
"АК7П","","",""
"АК7пч","","",""
"АК7Ц9","","",""
"АК7ч","","",""
"АК8","","",""
"АК8л","","",""
"АК8М","","",""
"АК8М3","","",""
"АК8М3ч","","",""
"АК9","","",""
"АК9М2","","",""
"АК9П","","",""
"АК9пч","","",""
"АК9с","","",""
"АК9Ц6","","",""
"АК9Ц6р","","",""
"АК9ч","","",""
"АКД4","","",""
"АКД6","","",""
"АКД8","","",""
"АКМ","","",""
"АКЦМ","","",""
"АЛ1","","",""
"АЛ10В","","",""
"АЛ11","","",""
"АЛ13","","",""
"АЛ14В","","",""
"АЛ15В","","",""
"АЛ19","","",""
"АЛ2","","",""
"АЛ21","","",""
"АЛ22","","",""
"АЛ23-1","","",""
"АЛ23","","",""
"АЛ24","","",""
"АЛ25","","",""
"АЛ26","","",""
"АЛ27-1","","",""
"АЛ27","","",""
"АЛ28","","",""
"АЛ29","","",""
"АЛ3","","",""
"АЛ30","","",""
"АЛ32","","",""
"АЛ33","","",""
"АЛ34","","",""
"АЛ3В","","",""
"АЛ4-1","","",""
"АЛ4","","",""
"АЛ4В","","",""
"АЛ4М","","",""
"АЛ5-1","","",""
"АЛ5","","",""
"АЛ6","","",""
"АЛ7-4","","",""
"АЛ7","","",""
"АЛ8","","",""
"АЛ9-1","","",""
"АЛ9","","",""
"АЛ9В","","",""
"АМ4.5Кд","","",""
"АМ4","","",""
"АМ5","","",""
"АМг0.5","","",""
"АМг1.5","","",""
"АМг1","без ограничений.","",""
"АМг10","","",""
"АМг10ч","","",""
"АМг11","","",""
"АМг1М1","","",""
"АМг2.5","","",""
"АМг2","без ограничений.","",""
"АМг3.5","","",""
"АМг3","без ограничений.","",""
"АМг3С","","",""
"АМг4.5","","",""
"АМг4","","",""
"АМг4К1.5М","","",""
"АМг4К1.5М1","","",""
"АМг5","","",""
"АМг5К","","",""
"АМг5Мц","","",""
"АМг5П","","",""
"АМг6","","",""
"АМг6Л","","",""
"АМг6лч","","",""
"АМг7","","",""
"АМК","","",""
"АМСТ","","",""
"АМц","без ограничений.","",""
"АМцС","","",""
"АН-2.5","","",""
"АО12-1","","",""
"АО20-1","","",""
"АО3-1","","",""
"АО3-7","","",""
"АО6-1","","",""
"АО9-1","","",""
"АО9-2","","",""
"АО9-2Б","","",""
"АСМ","","",""
"АЦ4Мг","","",""
"АЦпл","","",""
"В124","","",""
"В2616","","",""
"В65","","",""
"В93","","",""
"В93пч","","",""
"В94","","",""
"В95-1","","",""
"В95-2","","",""
"В95","","",""
"В95оч","","",""
"В95П","","",""
"В95пч","","",""
"В96","","",""
"В96ц","","",""
"В96Ц1","","",""
"ВАК4","","",""
"ВАК6","","",""
"ВАЛ1","","",""
"ВАЛ10","","",""
"ВАЛ10М","","",""
"ВАЛ11","","",""
"ВАЛ12","","",""
"ВАЛ5","","",""
"ВАЛ8","","",""
"ВД","","",""
"ВД1","","",""
"ВД17","","",""
"ВДч","","",""
"ВКЖЛС-2","","",""
"Д1","","",""
"Д12","","",""
"Д16","","",""
"Д16П","","",""
"Д16ч","","",""
"Д18","","",""
"Д19","","",""
"Д19П","","",""
"Д19ч","","",""
"Д1П","","",""
"Д20","","",""
"Д21","","",""
"ЖЛС","","",""
"КС740","","",""
"КС741","","",""
"ММ","","",""
"Св1201","","",""
"Св1557","","",""
"Св1577пч","","",""
"СвА5","","",""
"СвА85Т","","",""
"СвА97","","",""
"СвА99","","",""
"СвАК10","","",""
"СвАК5","","",""
"СвАК5у","","",""
"СвАМг3","","",""
"СвАМг5","","",""
"СвАМг6","","",""
"СвАМг61","","",""
"СвАМг63","","",""
"СвАМц","","",""
"СИЛ-0","","",""
"СИЛ-00","","",""
"СИЛ-1","","",""
"СИЛ-2","","",""
"Сил1С","","",""
"Сил2С","","",""
"CuA110Fe3Mn1","","",""
"CuA110Fe4Ni4","","",""
"CuA15","","",""
"CuA18","","",""
"CuA19Fe3","","",""
"CuA19Mn2","","",""
"CuAg0.1","","",""
"CuBe2NiCo","","",""
"CuBe2NiTi","","",""
"CuCd1","","",""
"CuCr1","","",""
"CuFeP","","",""
"CuSi3Mn1","","",""
"CuSn5Zn5Pb5-C","","",""
"БрА10Ж3","","",""
"БрА10Ж3Мц2","","",""
"БрА10Ж3р","","",""
"БрА10Ж4Н4Л","","",""
"БрА10Мц2Л","","",""
"БрА11Ж6Н6","","",""
"БрА5","","",""
"БрА7","","",""
"БрА7Ж1.5С1.5","","",""
"БрА7Мц15Ж3Н2Ц2","","",""
"БрА9Ж3Л","","",""
"БрА9Ж4","","",""
"БрА9Ж4Н4Мц1","","",""
"БрА9Мц2Л","","",""
"БрАЖ9-4","","",""
"БрАЖ9-4Л","","",""
"БрАЖМц10-3-1.5","","",""
"БрАЖН10-4-4","","",""
"БрАЖН10-4-4Л","","",""
"БрАЖН11-6-6","","",""
"БрАЖНМц9-4-4-1","","",""
"БрАМц10-2","","",""
"БрАМц9-2","","",""
"БрАМц9-2Л","","",""
"БрАЮЖ3","","",""
"БрАЮЖ3Мц2","","",""
"БрАЮЖ3р","","",""
"БрБ2.5","","",""
"БрБ2","","",""
"БрБНТ1.7","","",""
"БрБНТ1.9","","",""
"БрБНТ1.9Мг","","",""
"БрВАЖ9-4","","",""
"БрВАЖ9-4Л","","",""
"БрВАЖМц10-3-1.5","","",""
"БрКБ2.5-0.5","","",""
"БрКд1","","",""
"БрКМц3-1","","",""
"БрКН1-3","","",""
"БрКХКо0.4-0.6-1.6","","",""
"БрМВТ","","",""
"БрМг0.3","","",""
"БрМг0.5","","",""
"БрМг0.8","","",""
"БрМц5","","",""
"БрНБТ","","",""
"БрНХК","","",""
"БрНХК2.5-0.7-0.6","","",""
"БрНЦр","","",""
"БрО10","","",""
"БрО10С10","","",""
"БрО10С12Н3","","",""
"БрО10Ф1","","",""
"БрО10Ц2","","",""
"БрО19","","",""
"БрО3.5Ц7С5","","",""
"БрО3Ц12С5","","",""
"БрО3Ц13С4","","",""
"БрО3Ц6С5","","",""
"БрО3Ц7С5Н","","",""
"БрО3Ц7С5Н1","","",""
"БрО3Ц8С4Н1","","",""
"БрО4Ц4С17","","",""
"БрО4Ц7С5","","",""
"БрО4Ц8С5","","",""
"БрО5С25","","",""
"БрО5Ц5С5","","",""
"БрО5Ц6С5","","",""
"БрО6С6Ц3","","",""
"БрО6Ц6С2Х","","",""
"БрО6Ц6С3","","",""
"БрО8Н4Ц2","","",""
"БрО8С12","","",""
"БрО8Ц4","","",""
"БрОФ2-0.25","","",""
"БрОФ4-0.25","","",""
"БрОФ6.5-0.15","","",""
"БрОФ6.5-0.4","","",""
"БрОФ7-0.2","","",""
"БрОФ8-0.3","","",""
"БрОЦ4-3","","",""
"БрОЦС3.5-7-5","","",""
"БрОЦС3-12-5","","",""
"БрОЦС4-4-17","","",""
"БрОЦС4-4-2.5","","",""
"БрОЦС4-4-4","","",""
"БрОЦС5-5-6","","",""
"БрОЦСН3-7-5-1","","",""
"БрС30","","",""
"БрС60Н2.5","","",""
"БрСр0.1","","",""
"БрСу3Н3Ц3С20Ф","","",""
"БрСу6Н2","","",""
"БрСу6С12Ф0.3","","",""
"БрСу6Ф1","","",""
"БрХ","","",""
"БрХ0.7","","",""
"БрХ1","","",""
"БрХ1Цр","","",""
"БрХВЦр","","",""
"БрХНб","","",""
"БрХНТ","","",""
"БрХЦр","","",""
"БрХЦр0.3-0.09","","",""
"БрХЦр0.6-0.05","","",""
"БрЦр0.2","","",""
"БрЦр0.3","","",""
"БрЦр0.4","","",""
"БрЦр0.7","","",""
"ВБр3","","",""
"МК","","",""
"МКБ","","",""
"МКБ2.5-0.5","","",""
"МЦр0.3","","",""
"Cu","","",""